data_status,round_id,group,club_id,club_name,counted,source_match_id,source_date,source_competition_type,source_competition,home_club,away_club,goals_for,goals_against,is_home,yellow_cards,red_cards,base_points,bonus_points,penalty_points,fantasy_total,fantasy_explanation,source_url,notes
loaded,GS-F1,A,cl-colo-colo,Colo-Colo,true,GS-F1-cl-colo-colo-2026-04-05,2026-04-05,local-league,Liga de Primera · F7,Deportes Concepción,Colo-Colo,1,0,false,3,0,3,1,-0.75,3.25,"base=3(vic) CS=1 3A=-0,75 total=3,25",,
loaded,GS-F1,A,cl-colo-colo,Colo-Colo,true,GS-F1-cl-colo-colo-2026-04-19,2026-04-19,local-league,Liga de Primera · F8,Colo-Colo,Palestino,0,1,true,2,0,0,0,-0.5,-0.5,"base=0(der) 2A=-0,5 total=-0,5",,
loaded,GS-F1,A,co-atletico-nacional,Atlético Nacional,true,GS-F1-co-atletico-nacional-2026-04-05,2026-04-05,local-league,Liga BetPlay · F13,Atlético Nacional,Jaguares,2,1,true,2,0,3,0,-0.5,2.5,"base=3(vic) 2A=-0,5 total=2,5",,
loaded,GS-F1,A,co-atletico-nacional,Atlético Nacional,true,GS-F1-co-atletico-nacional-2026-04-11,2026-04-11,local-league,Liga BetPlay · F14,Independiente Medellín,Atlético Nacional,3,2,false,2,0,3,0,-0.5,2.5,"base=3(vic) 2A=-0,5 total=2,5",,
loaded,GS-F1,A,pe-alianza-lima,Alianza Lima,true,GS-F1-pe-alianza-lima-2026-04-14,2026-04-14,local-league,Liga 1 · F10,ADT,Alianza Lima,1,0,false,2,0,3,1,-0.5,3.5,"base=3(vic) CS=1 2A=-0,5 total=3,5",,
loaded,GS-F1,A,pe-alianza-lima,Alianza Lima,true,GS-F1-pe-alianza-lima-2026-04-18,2026-04-18,local-league,Liga 1 · F11,Alianza Lima,Cusco FC,8,0,true,1,0,3,8,-0.25,10.75,"base=3(vic) CS=1 marg+7 1A=-0,25 total=10,75",,
loaded,GS-F1,A,bo-the-strongest,The Strongest,true,GS-F1-bo-the-strongest-2026-04-05,2026-04-05,local-league,Liga Profesional · F1,FC Univ. Vinto,The Strongest,2,1,false,1,2,3,0,-2.25,0.75,"base=3(vic) 1A=-0,25 2R=-2 total=0,75",,
loaded,GS-F1,A,bo-the-strongest,The Strongest,true,GS-F1-bo-the-strongest-2026-04-12,2026-04-12,local-league,Liga Profesional · F2,The Strongest,San Antonio Bulo Bulo,3,2,true,2,0,3,0,-0.5,2.5,"base=3(vic) 2A=-0,5 total=2,5",,
loaded,GS-F1,B,cl-universidad-de-chile,Universidad de Chile,true,GS-F1-cl-universidad-de-chile-2026-04-12,2026-04-12,local-league,Liga de Primera · F8,Ñublense,U. de Chile,0,1,false,3,0,0.0,0.0,-0.75,-0.75,"base=0(der) 3A=-0,75 total=-0,75",,
loaded,GS-F1,B,cl-universidad-de-chile,Universidad de Chile,true,GS-F1-cl-universidad-de-chile-2026-04-18,2026-04-18,local-league,Copa de la Liga,Everton,U. de Chile,0,0,false,3,0,1.0,1.0,-0.75,1.25,"base=1(emp) CS=1 3A=-0,75 total=1,25",,
loaded,GS-F1,B,ec-emelec,Emelec,true,GS-F1-ec-emelec-2026-04-08,2026-04-08,local-league,Liga Ecuabet · F1 rep.,U. Católica,Emelec,1,1,false,1,0,1.0,0.0,-0.25,0.75,"base=1(emp) 1A=-0,25 total=0,75",,
loaded,GS-F1,B,ec-emelec,Emelec,true,GS-F1-ec-emelec-2026-04-12,2026-04-12,local-league,Liga Ecuabet · F9,Aucas,Emelec,0,2,false,0,1,0.0,0.0,-1.0,-1.0,base=0(der) 1R=-1 total=-1,,
loaded,GS-F1,B,py-guarani,Guaraní,true,GS-F1-py-guarani-2026-04-10,2026-04-10,local-league,Apertura · F11,CS San Lorenzo,Guaraní,0,1,false,2,0,0.0,0.0,-0.5,-0.5,"base=0(der) 2A=-0,5 total=-0,5",,
loaded,GS-F1,B,py-guarani,Guaraní,true,GS-F1-py-guarani-2026-04-18,2026-04-18,local-league,Apertura · F12,Guaraní,Sportivo Luqueño,2,1,true,5,0,3.0,0.0,-1.25,1.75,"base=3(vic) 5A=-1,25 total=1,75",,
loaded,GS-F1,B,ar-argentinos-juniors,Argentinos Juniors,true,GS-F1-ar-argentinos-juniors-2026-04-11,2026-04-11,local-league,Liga Profesional · F14,Ind. Rivadavia,Argentinos Juniors,1,3,false,4,1,0.0,0.0,-2.0,-2.0,base=0(der) 4A=-1 1R=-1 total=-2,,
loaded,GS-F1,B,ar-argentinos-juniors,Argentinos Juniors,true,GS-F1-ar-argentinos-juniors-2026-04-18,2026-04-18,local-league,Liga Profesional · F15,Argentinos Juniors,Atlético Tucumán,1,0,true,2,0,3.0,1.0,-0.5,3.5,"base=3(vic) CS=1 2A=-0,5 total=3,5",,
loaded,GS-F1,C,ve-deportivo-tachira,Deportivo Táchira,true,GS-F1-ve-deportivo-tachira-2026-04-11,2026-04-11,local-league,Liga FUTVE · F10,Deportivo Táchira,La Guaira,2,3,true,4,1,0.0,0.0,-2.0,-2.0,base=0(der) 4A=-1 1R=-1 total=-2,,
loaded,GS-F1,C,ve-deportivo-tachira,Deportivo Táchira,true,GS-F1-ve-deportivo-tachira-2026-04-18,2026-04-18,local-league,Liga FUTVE · F11,UCV,Deportivo Táchira,1,1,false,2,0,1.0,0.0,-0.5,0.5,"base=1(emp) 2A=-0,5 total=0,5",,
loaded,GS-F1,C,co-once-caldas,Once Caldas,true,GS-F1-co-once-caldas-2026-04-02,2026-04-02,local-league,Liga BetPlay · F12,Once Caldas,Ind. Medellín,1,1,true,3,0,1.0,0.0,-0.75,0.25,"base=1(emp) 3A=-0,75 total=0,25",,
loaded,GS-F1,C,co-once-caldas,Once Caldas,true,GS-F1-co-once-caldas-2026-04-10,2026-04-10,local-league,Liga BetPlay · F13,Dep. Pereira,Once Caldas,0,0,false,1,1,1.0,1.0,-1.25,0.75,"base=1(emp) CS=1 1A=-0,25 1R=-1 total=0,75",,
loaded,GS-F1,C,ec-universidad-catolica,Universidad Católica,true,GS-F1-ec-universidad-catolica-2026-04-08,2026-04-08,local-league,Liga Ecuabet · F1 rep.,U. Católica,Emelec,1,1,true,1,0,1.0,0.0,-0.25,0.75,"base=1(emp) 1A=-0,25 total=0,75",,
loaded,GS-F1,C,ec-universidad-catolica,Universidad Católica,true,GS-F1-ec-universidad-catolica-2026-04-12,2026-04-12,local-league,Liga Ecuabet · F9,Técnico Universitario,U. Católica,2,0,false,1,0,3.0,2.0,-0.25,4.75,"base=3(vic) CS=1 marg+1 1A=-0,25 total=4,75",,
loaded,GS-F1,C,br-bahia,Bahia,true,GS-F1-br-bahia-2026-04-11,2026-04-11,local-league,Brasileirão · F2,Mirassol,Bahia,2,1,false,1,0,3.0,0.0,-0.25,2.75,"base=3(vic) 1A=-0,25 total=2,75",,
loaded,GS-F1,C,br-bahia,Bahia,true,GS-F1-br-bahia-2026-04-19,2026-04-19,local-league,Brasileirão · F3,Flamengo,Bahia,0,2,false,0,0,0.0,0.0,0.0,0.0,base=0(der) total=0,,
loaded,GS-F1,D,uy-danubio,Danubio,true,GS-F1-uy-danubio-2026-04-05,2026-04-05,local-league,Apertura · F8,Danubio,Montevideo City Torque,1,1,true,4,0,1.0,0.0,-1.0,0.0,base=1(emp) 4A=-1 total=0,,
loaded,GS-F1,D,uy-danubio,Danubio,true,GS-F1-uy-danubio-2026-04-12,2026-04-12,local-league,Apertura · F9,Central Español,Danubio,2,2,false,3,0,1.0,0.0,-0.75,0.25,"base=1(emp) 3A=-0,75 total=0,25",,
loaded,GS-F1,D,ec-delfin,Delfín,true,GS-F1-ec-delfin-2026-04-10,2026-04-10,local-league,Liga Ecuabet · F8,Delfín,LDU Quito,1,0,true,5,1,3.0,1.0,-2.25,1.75,"base=3(vic) CS=1 5A=-1,25 1R=-1 total=1,75",,
loaded,GS-F1,D,ec-delfin,Delfín,true,GS-F1-ec-delfin-2026-04-19,2026-04-19,local-league,Liga Ecuabet · F9,Orense,Delfín,0,0,false,5,1,1.0,1.0,-2.25,-0.25,"base=1(emp) CS=1 5A=-1,25 1R=-1 total=-0,25",,
loaded,GS-F1,D,co-atletico-bucaramanga,Atlético Bucaramanga,true,GS-F1-co-atletico-bucaramanga-2026-04-07,2026-04-07,local-league,Liga BetPlay · F7 rep.,Águilas Doradas,Atlético Bucaramanga,1,2,false,2,0,0.0,0.0,-0.5,-0.5,"base=0(der) 2A=-0,5 total=-0,5",,
loaded,GS-F1,D,co-atletico-bucaramanga,Atlético Bucaramanga,true,GS-F1-co-atletico-bucaramanga-2026-04-12,2026-04-12,local-league,Liga BetPlay · F14,Atlético Bucaramanga,Boyacá Chicó,5,0,true,3,0,3.0,5.0,-0.75,7.25,"base=3(vic) CS=1 marg+4 3A=-0,75 total=7,25",,
loaded,GS-F1,D,bo-nacional-potosi,Nacional Potosí,true,GS-F1-bo-nacional-potosi-2026-04-03,2026-04-03,local-league,Liga Profesional · F1,Independiente,Nacional Potosí,3,0,false,2,0,3.0,3.0,-0.5,5.5,"base=3(vic) CS=1 marg+2 2A=-0,5 total=5,5",,
loaded,GS-F1,D,bo-nacional-potosi,Nacional Potosí,true,GS-F1-bo-nacional-potosi-2026-04-11,2026-04-11,local-league,Liga Profesional · F2,U de Vinto,Nacional Potosí,1,0,false,3,0,3.0,1.0,-0.75,3.25,"base=3(vic) CS=1 3A=-0,75 total=3,25",,
loaded,GS-F1,E,uy-racing-club,Racing Club,true,GS-F1-uy-racing-club-2026-04-04,2026-04-04,local-league,Apertura · F7,Racing Club,Juventud,2,1,true,4,0,3.0,0.0,-1.0,2.0,base=3(vic) 4A=-1 total=2,,
loaded,GS-F1,E,uy-racing-club,Racing Club,true,GS-F1-uy-racing-club-2026-04-12,2026-04-12,local-league,Apertura · F9,Montevideo Wanderers,Racing Club,2,1,false,0,0,3.0,0.0,0.0,3.0,base=3(vic) total=3,,
loaded,GS-F1,E,ve-metropolitanos,Metropolitanos,true,GS-F1-ve-metropolitanos-2026-04-11,2026-04-11,local-league,Liga FUTVE · F10,Metropolitanos,Zamora,0,0,true,3,0,1.0,1.0,-0.75,1.25,"base=1(emp) CS=1 3A=-0,75 total=1,25",,
loaded,GS-F1,E,ve-metropolitanos,Metropolitanos,true,GS-F1-ve-metropolitanos-2026-04-18,2026-04-18,local-league,Liga FUTVE · F11,Metropolitanos,Rayo Zuliano,1,0,true,4,0,3.0,1.0,-1.0,3.0,base=3(vic) CS=1 4A=-1 total=3,,
loaded,GS-F1,E,cl-nublense,Ñublense,true,GS-F1-cl-nublense-2026-04-12,2026-04-12,local-league,Liga de Primera · F8,Ñublense,U. de Chile,1,0,true,4,0,3.0,1.0,-1.0,3.0,base=3(vic) CS=1 4A=-1 total=3,,
loaded,GS-F1,E,cl-nublense,Ñublense,true,GS-F1-cl-nublense-2026-04-19,2026-04-19,local-league,Copa de la Liga,Coquimbo Unido,Ñublense,1,1,false,3,0,1.0,0.0,-0.75,0.25,"base=1(emp) 3A=-0,75 total=0,25",,
loaded,GS-F1,E,py-sportivo-ameliano,Sportivo Ameliano,true,GS-F1-py-sportivo-ameliano-2026-04-05,2026-04-05,local-league,Apertura · F10,Sportivo Ameliano,Sportivo Luqueño,2,2,true,2,1,1.0,0.0,-1.5,-0.5,"base=1(emp) 2A=-0,5 1R=-1 total=-0,5",,
loaded,GS-F1,E,py-sportivo-ameliano,Sportivo Ameliano,true,GS-F1-py-sportivo-ameliano-2026-04-10,2026-04-10,local-league,Apertura · F11,2 de Mayo,Sportivo Ameliano,2,1,false,2,0,3.0,0.0,-0.5,2.5,"base=3(vic) 2A=-0,5 total=2,5",,
loaded,GS-F1,F,ec-aucas,Aucas,true,GS-F1-ec-aucas-2026-04-12,2026-04-12,local-league,Liga Ecuabet · F9,Aucas,Emelec,2,0,true,5,0,3.0,2.0,-1.25,3.75,"base=3(vic) CS=1 marg+1 5A=-1,25 total=3,75",,
loaded,GS-F1,F,ec-aucas,Aucas,true,GS-F1-ec-aucas-2026-04-19,2026-04-19,local-league,Liga Ecuabet · F10,Leones del Norte,Aucas,1,0,false,2,0,3.0,1.0,-0.5,3.5,"base=3(vic) CS=1 2A=-0,5 total=3,5",,
loaded,GS-F1,F,uy-cerro-largo,Cerro Largo,true,GS-F1-uy-cerro-largo-2026-04-05,2026-04-05,local-league,Apertura · F8,Albion,Cerro Largo,2,2,false,4,0,1.0,0.0,-1.0,0.0,base=1(emp) 4A=-1 total=0,,
loaded,GS-F1,F,uy-cerro-largo,Cerro Largo,true,GS-F1-uy-cerro-largo-2026-04-10,2026-04-10,local-league,Apertura · F9,Cerro Largo,Cerro,1,1,true,2,0,1.0,0.0,-0.5,0.5,"base=1(emp) 2A=-0,5 total=0,5",,
loaded,GS-F1,F,bo-san-antonio-bulo-bulo,San Antonio Bulo Bulo,true,GS-F1-bo-san-antonio-bulo-bulo-2026-04-04,2026-04-04,local-league,Liga Profesional · F1,San Antonio Bulo Bulo,Oriente Petrolero,2,0,true,1,0,3.0,2.0,-0.25,4.75,"base=3(vic) CS=1 marg+1 1A=-0,25 total=4,75",,
loaded,GS-F1,F,bo-san-antonio-bulo-bulo,San Antonio Bulo Bulo,true,GS-F1-bo-san-antonio-bulo-bulo-2026-04-12,2026-04-12,local-league,Liga Profesional · F2,The Strongest,San Antonio Bulo Bulo,2,3,false,3,0,0.0,0.0,-0.75,-0.75,"base=0(der) 3A=-0,75 total=-0,75",,
loaded,GS-F1,F,ve-zamora,Zamora,true,GS-F1-ve-zamora-2026-04-11,2026-04-11,local-league,Liga FUTVE · F10,Metropolitanos,Zamora,0,0,false,4,0,1.0,1.0,-1.0,1.0,base=1(emp) CS=1 4A=-1 total=1,,
loaded,GS-F1,F,ve-zamora,Zamora,true,GS-F1-ve-zamora-2026-04-18,2026-04-18,local-league,Liga FUTVE · F11,Zamora,Caracas,1,1,true,3,0,1.0,0.0,-0.75,0.25,"base=1(emp) 3A=-0,75 total=0,25",,
loaded,GS-F1,G,bo-gv-san-jose,GV San José,true,GS-F1-bo-gv-san-jose-2026-04-05,2026-04-05,local-league,Liga Profesional · F1,GV San José,ABB,1,2,true,2,0,0.0,0.0,-0.5,-0.5,"base=0(der) 2A=-0,5 total=-0,5",,
loaded,GS-F1,G,bo-gv-san-jose,GV San José,true,GS-F1-bo-gv-san-jose-2026-04-12,2026-04-12,local-league,Liga Profesional · F2,Oriente Petrolero,GV San José,1,2,false,4,0,0.0,0.0,-1.0,-1.0,base=0(der) 4A=-1 total=-1,,
loaded,GS-F1,G,py-general-caballero,General Caballero (JLM),true,GS-F1-py-general-caballero-2026-04-11,2026-04-11,local-league,División Intermedia · F2,Benjamín Aceval,General Caballero JLM,0,0,false,1,0,1.0,1.0,-0.25,1.75,"base=1(emp) CS=1 1A=-0,25 total=1,75",,
loaded,GS-F1,G,py-general-caballero,General Caballero (JLM),true,GS-F1-py-general-caballero-2026-04-25,2026-04-25,local-league,División Intermedia · F3,Tembetary,General Caballero JLM,2,1,false,0,0,3.0,0.0,0.0,3.0,base=3(vic) total=3,,
loaded,GS-F1,G,ve-rayo-zuliano,Rayo Zuliano,true,GS-F1-ve-rayo-zuliano-2026-04-11,2026-04-11,local-league,Liga FUTVE · F10,Monagas,Rayo Zuliano,0,3,false,5,0,0.0,0.0,-2.25,-2.25,"base=0(der) der3=-1 5A=-1,25 total=-2,25",,
loaded,GS-F1,G,ve-rayo-zuliano,Rayo Zuliano,true,GS-F1-ve-rayo-zuliano-2026-04-18,2026-04-18,local-league,Liga FUTVE · F11,Metropolitanos,Rayo Zuliano,0,1,false,2,0,0.0,0.0,-0.5,-0.5,"base=0(der) 2A=-0,5 total=-0,5",,
loaded,GS-F1,G,pe-adt,ADT,true,GS-F1-pe-adt-2026-04-14,2026-04-14,local-league,Liga 1 · F10,ADT,Alianza Lima,0,1,true,2,0,0.0,0.0,-0.5,-0.5,"base=0(der) 2A=-0,5 total=-0,5",,
loaded,GS-F1,G,pe-adt,ADT,true,GS-F1-pe-adt-2026-04-18,2026-04-18,local-league,Liga 1 · F11,FC Cajamarca,ADT,2,2,false,1,0,1.0,0.0,-0.25,0.75,"base=1(emp) 1A=-0,25 total=0,75",,
loaded,GS-F1,H,ve-anzoategui,Anzoátegui,true,GS-F1-ve-anzoategui-2026-04-11,2026-04-11,local-league,Liga FUTVE · F10,Caracas,Anzoátegui,3,1,false,4,0,3.0,1.0,-1.0,3.0,base=3(vic) marg+1 4A=-1 total=3,,
loaded,GS-F1,H,ve-anzoategui,Anzoátegui,true,GS-F1-ve-anzoategui-2026-04-18,2026-04-18,local-league,Liga FUTVE · F11,Carabobo,Anzoátegui,3,6,false,0,1,0.0,0.0,-2.0,-2.0,base=0(der) der3=-1 1R=-1 total=-2,,
loaded,GS-F1,H,ec-orense,Orense,true,GS-F1-ec-orense-2026-04-11,2026-04-11,local-league,Liga Ecuabet · F8,Orense,Libertad,2,1,true,2,0,3.0,0.0,-0.5,2.5,"base=3(vic) 2A=-0,5 total=2,5",,
loaded,GS-F1,H,ec-orense,Orense,true,GS-F1-ec-orense-2026-04-19,2026-04-19,local-league,Liga Ecuabet · F9,Orense,Delfín,0,0,true,0,0,1.0,1.0,0.0,2.0,base=1(emp) CS=1 total=2,,
loaded,GS-F1,H,pe-los-chankas,Los Chankas,true,GS-F1-pe-los-chankas-2026-04-06,2026-04-06,local-league,Liga 1 · F9,FC Cajamarca,Los Chankas,1,0,false,1,0,3.0,1.0,-0.25,3.75,"base=3(vic) CS=1 1A=-0,25 total=3,75",,
loaded,GS-F1,H,pe-los-chankas,Los Chankas,true,GS-F1-pe-los-chankas-2026-04-17,2026-04-17,local-league,Liga 1 · F10,Los Chankas,Grau,2,0,true,0,0,3.0,2.0,0.0,5.0,base=3(vic) CS=1 marg+1 total=5,,
loaded,GS-F1,H,cl-deportes-limache,Deportes Limache,true,GS-F1-cl-deportes-limache-2026-04-11,2026-04-11,local-league,Liga de Primera · F8,Palestino,Deportes Limache,0,1,false,1,0,0.0,0.0,-0.25,-0.25,"base=0(der) 1A=-0,25 total=-0,25",,
loaded,GS-F1,H,cl-deportes-limache,Deportes Limache,true,GS-F1-cl-deportes-limache-2026-04-17,2026-04-17,local-league,Liga de Primera · F9,Deportes Limache,U. de Concepción,3,0,true,0,0,3.0,3.0,0.0,6.0,base=3(vic) CS=1 marg+2 total=6,,
loaded,GS-F2,A,cl-colo-colo,Colo-Colo,true,GS-F2-cl-colo-colo-2026-04-26,2026-04-26,local-league,Liga de Primera · F9,Universidad de Concepción,Colo-Colo,2,1,false,2,0,3,0,-0.5,2.5,"base=3(vic) 2A=-0,5 total=2,5",,
loaded,GS-F2,A,cl-colo-colo,Colo-Colo,true,GS-F2-cl-colo-colo-2026-05-02,2026-05-02,local-league,Liga de Primera · F9,Colo-Colo,Coquimbo Unido,3,1,true,1,0,3,1,-0.25,3.75,"base=3(vic) marg+1 1A=-0,25 total=3,75",,
loaded,GS-F2,A,co-atletico-nacional,Atlético Nacional,true,GS-F2-co-atletico-nacional-2026-04-25,2026-04-20,local-league,Liga BetPlay · F16,Atlético Nacional,Atlético Bucaramanga,2,0,true,2,0,3,2,-0.5,4.5,"base=3(vic) CS=1 marg+1 2A=-0,5 total=4,5",,
loaded,GS-F2,A,co-atletico-nacional,Atlético Nacional,true,GS-F2-co-atletico-nacional-2026-05-01,2026-04-25,local-league,Liga BetPlay · F17,Deportivo Pereira,Atlético Nacional,0,1,false,2,1,0,0,-1.5,-1.5,"base=0(der) 2A=-0,5 1R=-1 total=-1,5",,
loaded,GS-F2,A,pe-alianza-lima,Alianza Lima,true,GS-F2-pe-alianza-lima-2026-04-26,2026-04-26,local-league,Liga 1 · F12,Atlético Grau,Alianza Lima,1,0,false,2,0,3,1,-0.5,3.5,"base=3(vic) CS=1 2A=-0,5 total=3,5",,
loaded,GS-F2,A,pe-alianza-lima,Alianza Lima,true,GS-F2-pe-alianza-lima-2026-05-02,2026-05-02,local-league,Liga 1 · F13,Alianza Lima,Deportivo Moquegua,2,1,true,2,0,3,0,-0.5,2.5,"base=3(vic) 2A=-0,5 total=2,5",,
loaded,GS-F2,A,bo-the-strongest,The Strongest,true,GS-F2-bo-the-strongest-2026-04-23,2026-04-23,local-league,Liga Profesional · F3,Real Tomayapo,The Strongest,0,0,false,2,0,1,1,-0.5,1.5,"base=1(emp) CS=1 2A=-0,5 total=1,5",,
loaded,GS-F2,A,bo-the-strongest,The Strongest,true,GS-F2-bo-the-strongest-2026-04-26,2026-04-26,local-league,Liga Profesional · F4,Real Oruro,The Strongest,3,2,false,1,0,3,0,-0.25,2.75,"base=3(vic) 1A=-0,25 total=2,75",,
loaded,GS-F2,B,cl-universidad-de-chile,Universidad de Chile,true,GS-F2-cl-universidad-de-chile-2026-04-25,2026-04-25,local-league,Liga de Primera · F9,Universidad de Chile,Universidad Católica,1,0,true,4,0,3.0,1.0,-1.0,3.0,base=3(vic) CS=1 4A=-1 total=3,,
loaded,GS-F2,B,cl-universidad-de-chile,Universidad de Chile,true,GS-F2-cl-universidad-de-chile-2026-05-02,2026-05-02,local-cup,Copa de La Liga · F4,Deportes La Serena,Universidad de Chile,5,0,false,4,0,3.0,5.0,-1.0,7.0,base=3(vic) CS=1 marg+4 4A=-1 total=7,,
loaded,GS-F2,B,ec-emelec,Emelec,true,GS-F2-ec-emelec-2026-04-21,2026-04-21,local-league,LigaPro Ecuador,Técnico Universitario,Emelec,1,0,false,2,0,3.0,1.0,-0.5,3.5,"base=3(vic) CS=1 2A=-0,5 total=3,5",,
loaded,GS-F2,B,ec-emelec,Emelec,true,GS-F2-ec-emelec-2026-04-25,2026-04-25,local-league,LigaPro Ecuador,Emelec,Liga de Quito,1,0,true,2,0,3.0,1.0,-0.5,3.5,"base=3(vic) CS=1 2A=-0,5 total=3,5",,
loaded,GS-F2,B,py-guarani,Guaraní,true,GS-F2-py-guarani-2026-04-26,2026-04-26,local-league,Primera División Paraguay,2 de Mayo,Guaraní,2,2,false,5,1,1.0,0.0,-2.25,-1.25,"base=1(emp) 5A=-1,25 1R=-1 total=-1,25",,
loaded,GS-F2,B,py-guarani,Guaraní,true,GS-F2-py-guarani-2026-05-03,2026-05-03,local-league,Primera División Paraguay,Guaraní,Nacional Asunción,0,1,true,1,0,0.0,0.0,-0.25,-0.25,"base=0(der) 1A=-0,25 total=-0,25",,
loaded,GS-F2,B,ar-argentinos-juniors,Argentinos Juniors,true,GS-F2-ar-argentinos-juniors-2026-04-27,2026-04-27,local-league,Liga Profesional Argentina,Huracán,Argentinos Juniors,2,1,false,2,0,3.0,0.0,-0.5,2.5,"base=3(vic) 2A=-0,5 total=2,5",,
loaded,GS-F2,B,ar-argentinos-juniors,Argentinos Juniors,true,GS-F2-ar-argentinos-juniors-2026-05-03,2026-05-03,local-league,Liga Profesional Argentina,Gimnasia La Plata,Argentinos Juniors,0,2,false,5,0,0.0,0.0,-1.25,-1.25,"base=0(der) 5A=-1,25 total=-1,25",,
loaded,GS-F2,C,ve-deportivo-tachira,Deportivo Táchira,true,GS-F2-ve-deportivo-tachira-2026-04-25,2026-04-25,local-league,Liga FUTVE,Deportivo Táchira,Carabobo,2,1,true,3,0,3.0,0.0,-0.75,2.25,"base=3(vic) 3A=-0,75 total=2,25",,
loaded,GS-F2,C,ve-deportivo-tachira,Deportivo Táchira,true,GS-F2-ve-deportivo-tachira-2026-05-02,2026-05-02,local-league,Liga FUTVE,Estudiantes de Mérida,Deportivo Táchira,1,2,false,4,1,0.0,0.0,-2.0,-2.0,base=0(der) 4A=-1 1R=-1 total=-2,,
loaded,GS-F2,C,co-once-caldas,Once Caldas,true,GS-F2-co-once-caldas-2026-04-26,2026-04-26,local-league,Liga BetPlay · F18,Águilas Doradas,Once Caldas,2,2,false,5,0,1.0,0.0,-1.25,-0.25,"base=1(emp) 5A=-1,25 total=-0,25",,
loaded,GS-F2,C,co-once-caldas,Once Caldas,true,GS-F2-co-once-caldas-2026-05-01,2026-05-01,local-league,Liga BetPlay · F19,Once Caldas,Atlético Nacional,1,0,true,3,0,3.0,1.0,-0.75,3.25,"base=3(vic) CS=1 3A=-0,75 total=3,25",,
loaded,GS-F2,C,ec-universidad-catolica,Universidad Católica,true,GS-F2-ec-universidad-catolica-2026-04-23,2026-04-23,local-league,LigaPro Ecuador,Universidad Católica,Macará,4,0,true,1,0,3.0,4.0,-0.25,6.75,"base=3(vic) CS=1 marg+3 1A=-0,25 total=6,75",,
loaded,GS-F2,C,ec-universidad-catolica,Universidad Católica,true,GS-F2-ec-universidad-catolica-2026-05-01,2026-05-01,local-league,LigaPro Ecuador,Universidad Católica,Independiente del Valle,2,3,true,2,0,0.0,0.0,-0.5,-0.5,"base=0(der) 2A=-0,5 total=-0,5",,
loaded,GS-F2,C,br-bahia,Bahia,true,GS-F2-br-bahia-2026-04-25,2026-04-25,local-league,Brasileirão Série A,Bahia,Santos,2,2,true,3,0,1.0,0.0,-0.75,0.25,"base=1(emp) 3A=-0,75 total=0,25",,
loaded,GS-F2,C,br-bahia,Bahia,true,GS-F2-br-bahia-2026-05-03,2026-05-03,local-league,Brasileirão Série A,São Paulo,Bahia,2,2,false,3,0,1.0,0.0,-0.75,0.25,"base=1(emp) 3A=-0,75 total=0,25",,
loaded,GS-F2,D,uy-danubio,Danubio,true,GS-F2-uy-danubio-2026-04-25,2026-04-25,local-league,Liga AUF Uruguaya · Apertura,Nacional,Danubio,2,1,false,3,0,3.0,0.0,-0.75,2.25,"base=3(vic) 3A=-0,75 total=2,25",,
loaded,GS-F2,D,uy-danubio,Danubio,true,GS-F2-uy-danubio-2026-05-02,2026-05-02,local-league,Liga AUF Uruguaya · Apertura,Liverpool,Danubio,0,3,false,0,1,0.0,0.0,-2.0,-2.0,base=0(der) der3=-1 1R=-1 total=-2,,
loaded,GS-F2,D,ec-delfin,Delfín,true,GS-F2-ec-delfin-2026-04-27,2026-04-27,local-league,LigaPro Ecuador,Aucas,Delfín,0,1,false,3,0,0.0,0.0,-0.75,-0.75,"base=0(der) 3A=-0,75 total=-0,75",,
loaded,GS-F2,D,ec-delfin,Delfín,true,GS-F2-ec-delfin-2026-05-03,2026-05-03,local-league,LigaPro Ecuador,Delfín,Mushuc Runa,1,0,true,2,0,3.0,1.0,-0.5,3.5,"base=3(vic) CS=1 2A=-0,5 total=3,5",,
loaded,GS-F2,D,co-atletico-bucaramanga,Atlético Bucaramanga,true,GS-F2-co-atletico-bucaramanga-2026-04-25,2026-04-25,local-league,Liga BetPlay · F16,Atlético Bucaramanga,Jaguares de Córdoba,2,2,true,2,0,1.0,0.0,-0.5,0.5,"base=1(emp) 2A=-0,5 total=0,5",,
loaded,GS-F2,D,co-atletico-bucaramanga,Atlético Bucaramanga,true,GS-F2-co-atletico-bucaramanga-2026-05-07,2026-05-07,local-cup,Copa Colombia,Atlético Bucaramanga,Real Santander,5,0,true,1,0,3.0,5.0,-0.25,7.75,"base=3(vic) CS=1 marg+4 1A=-0,25 total=7,75",,
loaded,GS-F2,D,bo-nacional-potosi,Nacional Potosí,true,GS-F2-bo-nacional-potosi-2026-04-22,2026-04-22,local-league,Liga Profesional · F4,Blooming,Nacional Potosí,1,2,false,3,0,0.0,0.0,-0.75,-0.75,"base=0(der) 3A=-0,75 total=-0,75",,
loaded,GS-F2,D,bo-nacional-potosi,Nacional Potosí,true,GS-F2-bo-nacional-potosi-2026-04-25,2026-04-25,local-league,Liga Profesional · F5,Nacional Potosí,GV San José,1,1,true,2,1,1.0,0.0,-1.5,-0.5,"base=1(emp) 2A=-0,5 1R=-1 total=-0,5",,
loaded,GS-F2,E,uy-racing-club,Racing Club,true,GS-F2-uy-racing-club-2026-04-26,2026-04-26,local-league,Liga AUF Uruguaya · Apertura,Cerro Largo,Racing Club,1,0,false,3,0,3.0,1.0,-0.75,3.25,"base=3(vic) CS=1 3A=-0,75 total=3,25",,
loaded,GS-F2,E,uy-racing-club,Racing Club,true,GS-F2-uy-racing-club-2026-05-03,2026-05-03,local-league,Liga AUF Uruguaya · Apertura,Racing Club,Montevideo City Torque,1,1,true,1,1,1.0,0.0,-1.25,-0.25,"base=1(emp) 1A=-0,25 1R=-1 total=-0,25",,
loaded,GS-F2,E,ve-metropolitanos,Metropolitanos,true,GS-F2-ve-metropolitanos-2026-04-26,2026-04-26,local-league,Liga FUTVE,Metropolitanos,Estudiantes de Mérida,2,0,true,3,0,3.0,2.0,-0.75,4.25,"base=3(vic) CS=1 marg+1 3A=-0,75 total=4,25",,
loaded,GS-F2,E,ve-metropolitanos,Metropolitanos,true,GS-F2-ve-metropolitanos-2026-05-03,2026-05-03,local-league,Liga FUTVE,Carabobo,Metropolitanos,0,0,false,4,0,1.0,1.0,-1.0,1.0,base=1(emp) CS=1 4A=-1 total=1,,
loaded,GS-F2,E,cl-nublense,Ñublense,true,GS-F2-cl-nublense-2026-04-25,2026-04-25,local-league,Liga de Primera · F11,Ñublense,O'Higgins,0,2,true,2,1,0.0,0.0,-1.5,-1.5,"base=0(der) 2A=-0,5 1R=-1 total=-1,5",,
loaded,GS-F2,E,cl-nublense,Ñublense,true,GS-F2-cl-nublense-2026-05-02,2026-05-02,local-cup,Copa de La Liga · F4,Ñublense,Cobresal,2,0,true,2,0,3.0,2.0,-0.5,4.5,"base=3(vic) CS=1 marg+1 2A=-0,5 total=4,5",,
loaded,GS-F2,E,py-sportivo-ameliano,Sportivo Ameliano,true,GS-F2-py-sportivo-ameliano-2026-04-24,2026-04-24,local-league,Primera División Paraguay,Cerro Porteño,Sportivo Ameliano,1,1,false,1,0,1.0,0.0,-0.25,0.75,"base=1(emp) 1A=-0,25 total=0,75",,
loaded,GS-F2,E,py-sportivo-ameliano,Sportivo Ameliano,true,GS-F2-py-sportivo-ameliano-2026-05-03,2026-05-03,local-league,Primera División Paraguay,Club Olimpia,Sportivo Ameliano,1,1,false,3,0,1.0,0.0,-0.75,0.25,"base=1(emp) 3A=-0,75 total=0,25",,
loaded,GS-F2,F,ec-aucas,Aucas,true,GS-F2-ec-aucas-2026-04-22,2026-04-22,local-league,LigaPro Ecuador,Liga de Quito,Aucas,0,0,false,2,0,1.0,1.0,-0.5,1.5,"base=1(emp) CS=1 2A=-0,5 total=1,5",,
loaded,GS-F2,F,ec-aucas,Aucas,true,GS-F2-ec-aucas-2026-04-27,2026-04-27,local-league,LigaPro Ecuador,Aucas,Delfín,1,0,true,4,0,3.0,1.0,-1.0,3.0,base=3(vic) CS=1 4A=-1 total=3,,
loaded,GS-F2,F,uy-cerro-largo,Cerro Largo,true,GS-F2-uy-cerro-largo-2026-04-26,2026-04-26,local-league,Liga AUF Uruguaya · Apertura,Cerro Largo,Racing Club,0,1,true,3,0,0.0,0.0,-0.75,-0.75,"base=0(der) 3A=-0,75 total=-0,75",,
loaded,GS-F2,F,uy-cerro-largo,Cerro Largo,true,GS-F2-uy-cerro-largo-2026-05-03,2026-05-03,local-league,Liga AUF Uruguaya · Apertura,Progreso,Cerro Largo,1,0,false,3,0,3.0,1.0,-0.75,3.25,"base=3(vic) CS=1 3A=-0,75 total=3,25",,
loaded,GS-F2,F,bo-san-antonio-bulo-bulo,San Antonio Bulo Bulo,true,GS-F2-bo-san-antonio-bulo-bulo-2026-04-23,2026-04-23,local-league,Liga Profesional · F3,San Antonio Bulo Bulo,Real Oruro,2,1,true,2,0,3.0,0.0,-0.5,2.5,"base=3(vic) 2A=-0,5 total=2,5",,
loaded,GS-F2,F,bo-san-antonio-bulo-bulo,San Antonio Bulo Bulo,true,GS-F2-bo-san-antonio-bulo-bulo-2026-04-27,2026-04-27,local-league,Liga Profesional · F4,Aurora,San Antonio Bulo Bulo,1,3,false,5,0,0.0,0.0,-1.25,-1.25,"base=0(der) 5A=-1,25 total=-1,25",,
loaded,GS-F2,F,ve-zamora,Zamora,true,GS-F2-ve-zamora-2026-04-25,2026-04-25,local-league,Liga FUTVE,Anzoátegui,Zamora,1,1,false,5,0,1.0,0.0,-1.25,-0.25,"base=1(emp) 5A=-1,25 total=-0,25",,
loaded,GS-F2,F,ve-zamora,Zamora,true,GS-F2-ve-zamora-2026-06-24,2026-06-24,local-cup,Copa Venezuela,Atlético El Vigía,Zamora,6,1,false,0,0,3.0,4.0,0.0,7.0,base=3(vic) marg+4 total=7,"https://www.sofascore.com/es/football/match/atletico-el-vigia-zamora/MzcsQed#id:16378422,tab:statistics",
loaded,GS-F2,G,bo-gv-san-jose,GV San José,true,GS-F2-bo-gv-san-jose-2026-04-21,2026-04-21,local-league,Liga Profesional · F3,GV San José,Aurora,1,1,true,4,0,1.0,0.0,-1.0,0.0,base=1(emp) 4A=-1 total=0,,
loaded,GS-F2,G,bo-gv-san-jose,GV San José,true,GS-F2-bo-gv-san-jose-2026-04-25,2026-04-25,local-league,Liga Profesional · F4,Nacional Potosí,GV San José,1,1,false,5,0,1.0,0.0,-1.25,-0.25,"base=1(emp) 5A=-1,25 total=-0,25",,
loaded,GS-F2,G,py-general-caballero,General Caballero (JLM),true,GS-F2-py-general-caballero-2026-04-25,2026-04-25,local-league,División Intermedia · F4,Tacuary,General Caballero JLM,2,0,false,1,0,3.0,2.0,-0.25,4.75,"base=3(vic) CS=1 marg+1 1A=-0,25 total=4,75",,
loaded,GS-F2,G,py-general-caballero,General Caballero (JLM),true,GS-F2-py-general-caballero-2026-05-03,2026-05-03,local-league,División Intermedia · F5,General Caballero JLM,Independiente FBC,4,2,true,2,0,3.0,1.0,-0.5,3.5,"base=3(vic) marg+1 2A=-0,5 total=3,5",,
loaded,GS-F2,G,ve-rayo-zuliano,Rayo Zuliano,true,GS-F2-ve-rayo-zuliano-2026-04-25,2026-04-25,local-league,Liga FUTVE,Caracas,Rayo Zuliano,1,2,false,1,0,0.0,0.0,-0.25,-0.25,"base=0(der) 1A=-0,25 total=-0,25",,
loaded,GS-F2,G,ve-rayo-zuliano,Rayo Zuliano,true,GS-F2-ve-rayo-zuliano-2026-06-24,2026-06-24,local-cup,Copa Venezuela,Trujillanos,Rayo Zuliano,0,0,false,0,0,1.0,1.0,0.0,2.0,base=1(emp) CS=1 total=2,"https://www.sofascore.com/es/football/match/deportivo-rayo-zuliano-trujillanos-fc/KzcskBed#id:16378414,tab:statistics",
loaded,GS-F2,G,pe-adt,ADT,true,GS-F2-pe-adt-2026-04-27,2026-04-27,local-league,Liga 1 · F12,ADT,Los Chankas,4,0,true,3,1,3.0,4.0,-1.75,5.25,"base=3(vic) CS=1 marg+3 3A=-0,75 1R=-1 total=5,25",,
loaded,GS-F2,G,pe-adt,ADT,true,GS-F2-pe-adt-2026-05-02,2026-05-02,local-league,Liga 1 · F13,ADT,Atlético Grau,1,0,true,0,0,3.0,1.0,0.0,4.0,base=3(vic) CS=1 total=4,,
loaded,GS-F2,H,ve-anzoategui,Anzoátegui,true,GS-F2-ve-anzoategui-2026-04-25,2026-04-25,local-league,Liga FUTVE,Anzoátegui,Zamora,1,1,true,4,1,1.0,0.0,-2.0,-1.0,base=1(emp) 4A=-1 1R=-1 total=-1,,
loaded,GS-F2,H,ve-anzoategui,Anzoátegui,true,GS-F2-ve-anzoategui-2026-06-24,2026-06-24,local-cup,Copa Venezuela,Atlético Ávila,Anzoátegui,3,1,false,0,0,3.0,1.0,0.0,4.0,base=3(vic) marg+1 total=4,"https://www.sofascore.com/es/football/match/atletico-avila-fc-anzoategui-fc/TyrdsVquj#id:16378417,tab:statistics",
loaded,GS-F2,H,ec-orense,Orense,true,GS-F2-ec-orense-2026-04-22,2026-04-22,local-league,LigaPro Ecuador,Deportivo Cuenca,Orense,3,1,false,4,0,3.0,1.0,-1.0,3.0,base=3(vic) marg+1 4A=-1 total=3,,
loaded,GS-F2,H,ec-orense,Orense,true,GS-F2-ec-orense-2026-04-26,2026-04-26,local-league,LigaPro Ecuador,Orense,Barcelona SC,1,1,true,3,0,1.0,0.0,-0.75,0.25,"base=1(emp) 3A=-0,75 total=0,25",,
loaded,GS-F2,H,pe-los-chankas,Los Chankas,true,GS-F2-pe-los-chankas-2026-04-23,2026-04-23,local-league,Liga 1 · F11,Los Chankas,Cienciano,1,0,true,3,0,3.0,1.0,-0.75,3.25,"base=3(vic) CS=1 3A=-0,75 total=3,25",,
loaded,GS-F2,H,pe-los-chankas,Los Chankas,true,GS-F2-pe-los-chankas-2026-04-27,2026-04-27,local-league,Liga 1 · F12,ADT,Los Chankas,0,4,false,1,0,0.0,0.0,-1.25,-1.25,"base=0(der) der3=-1 1A=-0,25 total=-1,25",,
loaded,GS-F2,H,cl-deportes-limache,Deportes Limache,true,GS-F2-cl-deportes-limache-2026-04-24,2026-04-24,local-league,Liga de Primera · F11,Audax Italiano,Deportes Limache,2,2,false,1,1,1.0,0.0,-1.25,-0.25,"base=1(emp) 1A=-0,25 1R=-1 total=-0,25",,
loaded,GS-F2,H,cl-deportes-limache,Deportes Limache,true,GS-F2-cl-deportes-limache-2026-05-04,2026-05-04,local-cup,Copa de La Liga · F4,Deportes Limache,O'Higgins,1,1,true,2,0,1.0,0.0,-0.5,0.5,"base=1(emp) 2A=-0,5 total=0,5",,
loaded,GS-F3,A,cl-colo-colo,Colo-Colo,true,GS-F3-cl-colo-colo-2026-05-09,2026-05-09,local-cup,Copa de La Liga · F5,Colo-Colo,Deportes Concepción,3,1,true,1,0,3,1,-0.25,3.75,"base=3(vic) marg+1 1A=-0,25 total=3,75",,
loaded,GS-F3,A,cl-colo-colo,Colo-Colo,true,GS-F3-cl-colo-colo-2026-05-17,2026-05-17,local-cup,Copa de La Liga · F5,Coquimbo Unido,Colo-Colo,0,1,false,1,0,0,0,-0.25,-0.25,"base=0(der) 1A=-0,25 total=-0,25",,
loaded,GS-F3,A,co-atletico-nacional,Atlético Nacional,true,GS-F3-co-atletico-nacional-2026-05-16,2026-05-09,local-league,Liga BetPlay · Semifinal ida,Inter de Bogotá,Atlético Nacional,2,1,false,2,0,3,0,-0.5,2.5,"base=3(vic) 2A=-0,5 total=2,5",https://www.flashscore.com/match/football/atl-nacional-C23omttL/deportes-tolima-bLphhbYf/?mid=SjTaxX9l,
loaded,GS-F3,A,co-atletico-nacional,Atlético Nacional,true,GS-F3-co-atletico-nacional-2026-05-23,2026-05-23,local-league,Liga DIMAYOR Apertura,Atlético Nacional,Inter de Bogotá,7,1,true,0,0,3,5,0,8,base=3(vic) marg+5 total=8,"https://www.sofascore.com/es/football/match/deportes-tolima-atletico-nacional/gxcslxc#id:16183791,tab:statistics",
loaded,GS-F3,A,pe-alianza-lima,Alianza Lima,true,GS-F3-pe-alianza-lima-2026-05-09,2026-05-09,local-league,Liga 1 · F14,Alianza Lima,Sporting Cristal,1,1,true,2,0,1,0,-0.5,0.5,"base=1(emp) 2A=-0,5 total=0,5",,
loaded,GS-F3,A,pe-alianza-lima,Alianza Lima,true,GS-F3-pe-alianza-lima-2026-05-16,2026-05-16,local-league,Liga 1 · F15,Cienciano,Alianza Lima,1,0,false,3,0,3,1,-0.75,3.25,"base=3(vic) CS=1 3A=-0,75 total=3,25",,
loaded,GS-F3,A,bo-the-strongest,The Strongest,true,GS-F3-bo-the-strongest-2026-05-10,2026-05-03,local-league,Liga Profesional · F5,The Strongest,ABB,3,1,true,1,0,3,1,-0.25,3.75,"base=3(vic) marg+1 1A=-0,25 total=3,75",,
loaded,GS-F3,A,bo-the-strongest,The Strongest,true,GS-F3-bo-the-strongest-2026-05-14,2026-05-10,local-league,Liga Profesional · F5,The Strongest,Real Potosí,0,0,true,4,0,1,1,-1,1,base=1(emp) CS=1 4A=-1 total=1,,
loaded,GS-F3,B,cl-universidad-de-chile,Universidad de Chile,true,GS-F3-cl-universidad-de-chile-2026-05-17,2026-05-17,local-league,Liga de Primera · F12,Cobresal,Universidad de Chile,0,1,false,1,0,0.0,0.0,-0.25,-0.25,"base=0(der) 1A=-0,25 total=-0,25",https://www.sofascore.com/es/football/match/cobresal-universidad-de-chile/lnbsrnb,
loaded,GS-F3,B,cl-universidad-de-chile,Universidad de Chile,true,GS-F3-cl-universidad-de-chile-2026-05-30,2026-05-30,local-league,Liga de Primera,Universidad de Chile,Deportes Concepción,2,1,true,6,0,3.0,0.0,-1.5,1.5,"base=3(vic) 6A=-1,5 total=1,5","https://www.sofascore.com/es/football/match/universidad-de-chile-deportes-concepcion/knbslnb#id:15353060,tab:statistics",
loaded,GS-F3,B,ec-emelec,Emelec,true,GS-F3-ec-emelec-2026-05-17,2026-05-17,local-league,LigaPro Ecuador,Manta F.C.,Emelec,0,0,false,0,0,1.0,1.0,0.0,2.0,base=1(emp) CS=1 total=2,,
loaded,GS-F3,B,ec-emelec,Emelec,true,GS-F3-ec-emelec-2026-05-20,2026-05-20,local-cup,Copa Ecuador,Emelec,Daquilema FC,0,0,true,0,0,1.0,1.0,0.0,2.0,base=1(emp) CS=1 total=2,"https://www.sofascore.com/es/football/match/daquilema-fc-emelec/ffcsiyJj#id:16141726,tab:statistics",
loaded,GS-F3,B,py-guarani,Guaraní,true,GS-F3-py-guarani-2026-05-11,2026-05-11,local-league,Primera División Paraguay,Cerro Porteño,Guaraní,0,0,false,2,0,1.0,1.0,-0.5,1.5,"base=1(emp) CS=1 2A=-0,5 total=1,5",,
loaded,GS-F3,B,py-guarani,Guaraní,true,GS-F3-py-guarani-2026-05-16,2026-05-16,local-league,Primera División Paraguay,Guaraní,Sportivo Ameliano,1,0,true,3,0,3.0,1.0,-0.75,3.25,"base=3(vic) CS=1 3A=-0,75 total=3,25",,
loaded,GS-F3,B,ar-argentinos-juniors,Argentinos Juniors,true,GS-F3-ar-argentinos-juniors-2026-05-09,2026-05-09,local-league,Liga Profesional Argentina · Octavos,Argentinos Juniors,Lanús,2,0,true,3,0,3.0,2.0,-0.75,4.25,"base=3(vic) CS=1 marg+1 3A=-0,75 total=4,25",,
loaded,GS-F3,B,ar-argentinos-juniors,Argentinos Juniors,true,GS-F3-ar-argentinos-juniors-2026-05-12,2026-05-12,local-league,Liga Profesional Argentina · Cuartos,Argentinos Juniors,Huracán,1,0,true,2,0,3.0,1.0,-0.5,3.5,"base=3(vic) CS=1 2A=-0,5 total=3,5",,
loaded,GS-F3,C,ve-deportivo-tachira,Deportivo Táchira,true,GS-F3-ve-deportivo-tachira-2026-05-09,2026-05-09,local-league,Liga FUTVE,Deportivo Táchira,Carabobo,3,1,true,2,0,3.0,1.0,-0.5,3.5,"base=3(vic) marg+1 2A=-0,5 total=3,5",,
loaded,GS-F3,C,ve-deportivo-tachira,Deportivo Táchira,true,GS-F3-ve-deportivo-tachira-2026-05-17,2026-05-17,local-league,Liga FUTVE,Metropolitanos,Deportivo Táchira,1,0,false,0,0,3.0,1.0,0.0,4.0,base=3(vic) CS=1 total=4,,
loaded,GS-F3,C,co-once-caldas,Once Caldas,true,GS-F3-co-once-caldas-2026-05-10,2026-05-10,local-league,Liga BetPlay · Cuartos ida,Once Caldas,Atlético Junior,0,1,true,1,0,0.0,0.0,-0.25,-0.25,"base=0(der) 1A=-0,25 total=-0,25",,
loaded,GS-F3,C,co-once-caldas,Once Caldas,true,GS-F3-co-once-caldas-2026-05-13,2026-05-13,local-league,Liga BetPlay · Cuartos vuelta,Atlético Junior,Once Caldas,2,2,false,3,0,1.0,0.0,-0.75,0.25,"base=1(emp) 3A=-0,75 total=0,25",,
loaded,GS-F3,C,ec-universidad-catolica,Universidad Católica,true,GS-F3-ec-universidad-catolica-2026-05-09,2026-05-09,local-league,LigaPro Ecuador,Aucas,Universidad Católica,1,2,false,0,1,0.0,0.0,-1.0,-1.0,base=0(der) 1R=-1 total=-1,,
loaded,GS-F3,C,ec-universidad-catolica,Universidad Católica,true,GS-F3-ec-universidad-catolica-2026-05-16,2026-05-16,local-league,LigaPro Ecuador,Universidad Católica,Delfín,2,2,true,2,0,1.0,0.0,-0.5,0.5,"base=1(emp) 2A=-0,5 total=0,5",,
loaded,GS-F3,C,br-bahia,Bahia,true,GS-F3-br-bahia-2026-05-09,2026-05-09,local-league,Brasileirão Série A,Bahia,Cruzeiro,1,2,true,3,0,0.0,0.0,-0.75,-0.75,"base=0(der) 3A=-0,75 total=-0,75",,
loaded,GS-F3,C,br-bahia,Bahia,true,GS-F3-br-bahia-2026-05-13,2026-05-13,local-cup,Copa do Brasil · 2ª rodada vuelta,Remo,Bahia,1,2,false,4,0,0.0,0.0,-1.0,-1.0,base=0(der) 4A=-1 total=-1,,
loaded,GS-F3,D,uy-danubio,Danubio,true,GS-F3-uy-danubio-2026-05-09,2026-05-09,local-league,Liga AUF Uruguaya · Apertura,Danubio,Albion,0,1,true,5,0,0.0,0.0,-1.25,-1.25,"base=0(der) 5A=-1,25 total=-1,25",,
loaded,GS-F3,D,uy-danubio,Danubio,true,GS-F3-uy-danubio-2026-05-18,2026-05-18,local-league,Liga AUF Uruguaya · Intermedio,Deportivo Maldonado,Danubio,1,3,false,2,1,0.0,0.0,-1.5,-1.5,"base=0(der) 2A=-0,5 1R=-1 total=-1,5",,
loaded,GS-F3,D,ec-delfin,Delfín,true,GS-F3-ec-delfin-2026-05-09,2026-05-09,local-league,LigaPro Ecuador,Técnico Universitario,Delfín,0,4,false,2,1,0.0,0.0,-2.5,-2.5,"base=0(der) der3=-1 2A=-0,5 1R=-1 total=-2,5",,
loaded,GS-F3,D,ec-delfin,Delfín,true,GS-F3-ec-delfin-2026-05-16,2026-05-16,local-league,LigaPro Ecuador,Universidad Católica,Delfín,2,2,false,3,0,1.0,0.0,-0.75,0.25,"base=1(emp) 3A=-0,75 total=0,25",,
loaded,GS-F3,D,co-atletico-bucaramanga,Atlético Bucaramanga,true,GS-F3-co-atletico-bucaramanga-2026-05-11,2026-05-11,local-cup,Copa Colombia,Deportivo Cali,Atlético Bucaramanga,0,2,false,3,1,0.0,0.0,-1.75,-1.75,"base=0(der) 3A=-0,75 1R=-1 total=-1,75",,
loaded,GS-F3,D,co-atletico-bucaramanga,Atlético Bucaramanga,true,GS-F3-co-atletico-bucaramanga-2026-05-20,2026-05-20,local-cup,Copa Colombia,Atlético Bucaramanga,Boca Juniors de Cali,2,3,true,0,0,0.0,0.0,0.0,0.0,base=0(der) total=0,"https://www.sofascore.com/es/football/match/boca-juniors-de-cali-atletico-bucaramanga/dxcsqMK#id:16142070,tab:statistics",
loaded,GS-F3,D,bo-nacional-potosi,Nacional Potosí,true,GS-F3-bo-nacional-potosi-2026-05-13,2026-05-13,local-league,Liga Profesional · F7,Bolívar,Nacional Potosí,1,1,false,2,0,1.0,0.0,-0.5,0.5,"base=1(emp) 2A=-0,5 total=0,5",,
loaded,GS-F3,D,bo-nacional-potosi,Nacional Potosí,true,GS-F3-bo-nacional-potosi-2026-05-17,2026-05-17,local-league,Liga Profesional · F8,Guabirá,Nacional Potosí,1,2,false,4,2,0.0,0.0,-3.0,-3.0,base=0(der) 4A=-1 2R=-2 total=-3,,
loaded,GS-F3,E,uy-racing-club,Racing Club,true,GS-F3-uy-racing-club-2026-05-09,2026-05-09,local-league,Liga AUF Uruguaya · Apertura,Central Español,Racing Club,0,2,false,3,0,0.0,0.0,-0.75,-0.75,"base=0(der) 3A=-0,75 total=-0,75",,
loaded,GS-F3,E,uy-racing-club,Racing Club,true,GS-F3-uy-racing-club-2026-05-17,2026-05-17,local-league,Liga AUF Uruguaya · Intermedio,Racing Club,Cerro Largo,1,0,true,3,0,3.0,1.0,-0.75,3.25,"base=3(vic) CS=1 3A=-0,75 total=3,25",,
loaded,GS-F3,E,ve-metropolitanos,Metropolitanos,true,GS-F3-ve-metropolitanos-2026-05-08,2026-05-08,local-league,Liga FUTVE,Metropolitanos,Estudiantes de Mérida,2,0,true,2,0,3.0,2.0,-0.5,4.5,"base=3(vic) CS=1 marg+1 2A=-0,5 total=4,5",,
loaded,GS-F3,E,ve-metropolitanos,Metropolitanos,true,GS-F3-ve-metropolitanos-2026-05-12,2026-05-12,local-league,Liga FUTVE,Deportivo Táchira,Metropolitanos,1,1,false,4,0,1.0,0.0,-1.0,0.0,base=1(emp) 4A=-1 total=0,,
loaded,GS-F3,E,cl-nublense,Ñublense,true,GS-F3-cl-nublense-2026-05-17,2026-05-17,local-league,Liga de Primera · F12,Colo-Colo,Ñublense,2,6,false,0,0,0.0,0.0,-1.0,-1.0,base=0(der) der3=-1 total=-1,,
loaded,GS-F3,E,cl-nublense,Ñublense,true,GS-F3-cl-nublense-2026-05-23,2026-05-23,local-league,Liga de Primera,Ñublense,Universidad de Concepción,2,2,true,3,0,1.0,0.0,-0.75,0.25,"base=1(emp) 3A=-0,75 total=0,25","https://www.sofascore.com/es/football/match/nublense-universidad-de-concepcion/JacsEPc#id:15353052,tab:statistics",
loaded,GS-F3,E,py-sportivo-ameliano,Sportivo Ameliano,true,GS-F3-py-sportivo-ameliano-2026-05-11,2026-05-11,local-league,Primera División Paraguay,Sportivo Ameliano,Deportivo Recoleta,3,2,true,3,0,3.0,0.0,-0.75,2.25,"base=3(vic) 3A=-0,75 total=2,25",,
loaded,GS-F3,E,py-sportivo-ameliano,Sportivo Ameliano,true,GS-F3-py-sportivo-ameliano-2026-05-16,2026-05-16,local-league,Primera División Paraguay,Guaraní,Sportivo Ameliano,0,1,false,2,1,0.0,0.0,-1.5,-1.5,"base=0(der) 2A=-0,5 1R=-1 total=-1,5",,
loaded,GS-F3,F,ec-aucas,Aucas,true,GS-F3-ec-aucas-2026-05-09,2026-05-09,local-league,LigaPro Ecuador,Aucas,Universidad Católica,2,1,true,1,0,3.0,0.0,-0.25,2.75,"base=3(vic) 1A=-0,25 total=2,75",,
loaded,GS-F3,F,ec-aucas,Aucas,true,GS-F3-ec-aucas-2026-05-16,2026-05-16,local-league,LigaPro Ecuador,Barcelona SC,Aucas,0,3,false,2,0,0.0,0.0,-1.5,-1.5,"base=0(der) der3=-1 2A=-0,5 total=-1,5",,
loaded,GS-F3,F,uy-cerro-largo,Cerro Largo,true,GS-F3-uy-cerro-largo-2026-05-11,2026-05-11,local-league,Liga AUF Uruguaya · Apertura,Cerro Largo,Peñarol,2,3,true,1,0,0.0,0.0,-0.25,-0.25,"base=0(der) 1A=-0,25 total=-0,25",,
loaded,GS-F3,F,uy-cerro-largo,Cerro Largo,true,GS-F3-uy-cerro-largo-2026-05-17,2026-05-17,local-league,Liga AUF Uruguaya · Intermedio,Racing Club,Cerro Largo,0,1,false,3,0,0.0,0.0,-0.75,-0.75,"base=0(der) 3A=-0,75 total=-0,75",,
loaded,GS-F3,F,bo-san-antonio-bulo-bulo,San Antonio Bulo Bulo,true,GS-F3-bo-san-antonio-bulo-bulo-2026-05-12,2026-05-12,local-league,División Profesional,Universitario,San Antonio,0,2,false,3,1,0.0,0.0,-1.75,-1.75,"base=0(der) 3A=-0,75 1R=-1 total=-1,75","https://www.sofascore.com/es/football/match/cd-san-antonio-club-fc-universitario/HlhcsAHid#id:15941999,tab:statistics",
loaded,GS-F3,F,bo-san-antonio-bulo-bulo,San Antonio Bulo Bulo,true,GS-F3-bo-san-antonio-bulo-bulo-2026-05-31,2026-05-31,local-league,División Profesional,Guabirá,San Antonio,1,2,false,2,2,0.0,0.0,-2.5,-2.5,"base=0(der) 2A=-0,5 2R=-2 total=-2,5","https://www.sofascore.com/es/football/match/cd-san-antonio-guabira/beusAHid#id:15942033,tab:statistics",
loaded,GS-F3,F,ve-zamora,Zamora,true,GS-F3-ve-zamora-2026-06-24,2026-06-24,local-cup,Copa Venezuela,Atlético El Vigía,Zamora,6,1,false,0,0,3.0,4.0,0.0,7.0,base=3(vic) marg+4 total=7,"https://www.sofascore.com/es/football/match/atletico-el-vigia-zamora/MzcsQed#id:16378422,tab:statistics",
loaded,GS-F3,F,ve-zamora,Zamora,true,GS-F3-ve-zamora-2026-08-02,2026-08-02,local-league,Clausura,Rayo Zuliano,Zamora,2,1,false,0,0,3.0,0.0,0.0,3.0,base=3(vic) total=3,"https://www.sofascore.com/es/football/match/deportivo-rayo-zuliano-zamora/MzcskBed#id:16687823,tab:statistics",
loaded,GS-F3,G,bo-gv-san-jose,GV San José,true,GS-F3-bo-gv-san-jose-2026-05-09,2026-05-09,local-league,Liga Profesional · F6,Guabirá,GV San José,3,0,false,1,0,3.0,3.0,-0.25,5.75,"base=3(vic) CS=1 marg+2 1A=-0,25 total=5,75",,
loaded,GS-F3,G,bo-gv-san-jose,GV San José,true,GS-F3-bo-gv-san-jose-2026-05-23,2026-05-23,local-league,División Profesional,GV San José,Real Tomayapo,3,2,true,1,0,3.0,0.0,-0.25,2.75,"base=3(vic) 1A=-0,25 total=2,75","https://www.sofascore.com/es/football/match/gv-san-jose-cd-real-tomayapo/KnJcstfce#id:16389660,tab:statistics",
loaded,GS-F3,G,py-general-caballero,General Caballero (JLM),true,GS-F3-py-general-caballero-2026-05-10,2026-05-10,local-league,División Intermedia · F6,General Caballero JLM,Deportivo Capiatá,1,2,true,3,0,0.0,0.0,-0.75,-0.75,"base=0(der) 3A=-0,75 total=-0,75",,
loaded,GS-F3,G,py-general-caballero,General Caballero (JLM),true,GS-F3-py-general-caballero-2026-05-17,2026-05-17,local-league,División Intermedia · F7,General Caballero JLM,Sol de América,3,2,true,1,0,3.0,0.0,-0.25,2.75,"base=3(vic) 1A=-0,25 total=2,75",,
loaded,GS-F3,G,ve-rayo-zuliano,Rayo Zuliano,true,GS-F3-ve-rayo-zuliano-2026-06-24,2026-06-24,local-cup,Copa Venezuela,Trujillanos,Rayo Zuliano,0,0,false,0,0,1.0,1.0,0.0,2.0,base=1(emp) CS=1 total=2,"https://www.sofascore.com/es/football/match/deportivo-rayo-zuliano-trujillanos-fc/KzcskBed#id:16378414,tab:statistics",
loaded,GS-F3,G,ve-rayo-zuliano,Rayo Zuliano,true,GS-F3-ve-rayo-zuliano-2026-08-02,2026-08-02,local-league,Clausura,Rayo Zuliano,Zamora,1,2,true,1,0,0.0,0.0,-0.25,-0.25,"base=0(der) 1A=-0,25 total=-0,25","https://www.sofascore.com/es/football/match/deportivo-rayo-zuliano-zamora/MzcskBed#id:16687823,tab:statistics",
loaded,GS-F3,G,pe-adt,ADT,true,GS-F3-pe-adt-2026-05-09,2026-05-09,local-league,Liga 1 · F14,Deportivo Moquegua,ADT,2,2,false,5,0,1.0,0.0,-1.25,-0.25,"base=1(emp) 5A=-1,25 total=-0,25",,
loaded,GS-F3,G,pe-adt,ADT,true,GS-F3-pe-adt-2026-05-17,2026-05-17,local-league,Liga 1 · F15,ADT,Comerciantes Unidos,2,0,true,2,0,3.0,2.0,-0.5,4.5,"base=3(vic) CS=1 marg+1 2A=-0,5 total=4,5",,
loaded,GS-F3,H,ve-anzoategui,Anzoátegui,true,GS-F3-ve-anzoategui-2026-06-24,2026-06-24,local-cup,Copa Venezuela,Atlético Ávila,Anzoátegui,3,1,false,0,0,3.0,1.0,0.0,4.0,base=3(vic) marg+1 total=4,"https://www.sofascore.com/es/football/match/atletico-avila-fc-anzoategui-fc/TyrdsVquj#id:16378417,tab:statistics",
loaded,GS-F3,H,ve-anzoategui,Anzoátegui,true,GS-F3-ve-anzoategui-2026-08-06,2026-08-06,local-league,Clausura,Anzoátegui,Rayo Zuliano,1,0,true,1,0,3.0,1.0,-0.25,3.75,"base=3(vic) CS=1 1A=-0,25 total=3,75","https://www.sofascore.com/es/football/match/anzoategui-fc-deportivo-rayo-zuliano/kBedsTyrd#id:16728437,tab:statistics",
loaded,GS-F3,H,ec-orense,Orense,true,GS-F3-ec-orense-2026-05-08,2026-05-08,local-league,LigaPro Ecuador,Orense,Leones del Norte,2,0,true,4,0,3.0,2.0,-1.0,4.0,base=3(vic) CS=1 marg+1 4A=-1 total=4,,
loaded,GS-F3,H,ec-orense,Orense,true,GS-F3-ec-orense-2026-05-18,2026-05-18,local-league,Serie A,Orense,Guayaquil City,1,0,true,0,0,3.0,1.0,0.0,4.0,base=3(vic) CS=1 total=4,"https://www.sofascore.com/es/football/match/orense-sc-guayaquil-city/aCAbsAalc#id:15502561,tab:statistics",
loaded,GS-F3,H,pe-los-chankas,Los Chankas,true,GS-F3-pe-los-chankas-2026-05-10,2026-05-10,local-league,Liga 1 · F13,Cusco FC,Los Chankas,1,1,false,2,0,1.0,0.0,-0.5,0.5,"base=1(emp) 2A=-0,5 total=0,5",,
loaded,GS-F3,H,pe-los-chankas,Los Chankas,true,GS-F3-pe-los-chankas-2026-05-17,2026-05-17,local-league,Liga 1,Deportivo Moquegua,Los Chankas,1,0,false,2,1,3.0,1.0,-1.5,2.5,"base=3(vic) CS=1 2A=-0,5 1R=-1 total=2,5","https://www.sofascore.com/es/football/match/cd-moquegua-los-chankas-cyc/eVacsYgXd#id:16022836,tab:statistics",
loaded,GS-F3,H,cl-deportes-limache,Deportes Limache,true,GS-F3-cl-deportes-limache-2026-05-16,2026-05-16,local-league,Liga de Primera · F12,Deportes Limache,Universidad Católica,0,2,true,5,2,0.0,0.0,-3.25,-3.25,"base=0(der) 5A=-1,25 2R=-2 total=-3,25",,
loaded,GS-F3,H,cl-deportes-limache,Deportes Limache,true,GS-F3-cl-deportes-limache-2026-05-24,2026-05-24,local-league,Liga de Primera,Deportes La Serena,Deportes Limache,1,4,false,0,0,0.0,0.0,-1.0,-1.0,base=0(der) der3=-1 total=-1,"https://www.sofascore.com/es/football/match/deportes-limache-deportes-la-serena/GacsGxHc#id:15353167,tab:statistics",
